<?xml version="1.0" encoding="ISO-8859-1"?>
<!DOCTYPE properties SYSTEM "http://java.sun.com/dtd/properties.dtd">
<shiporder orderid="889923" xmlns:xsi="http://www.w3.org/2001/XMLSchema-instance" >
  <orderperson>pippo</orderperson>
   <shipto>
    <name>gggOla Nordmann</name>
    <address>Langgt 23</address>
    <city>4000 Stavanger</city>
    <country>Norway</country>
  </shipto>
   <item>
    <title>Empire Burlesque</title>
    <note>Special Edition</note>
    <quantity>1</quantity>
    <price>10.90</price>
  </item>
  <item>
    <title>Hide your heart</title>
    <quantity>1</quantity>
    <price>9.90</price>
  </item>
</shiporder> 
